condition,tone_hz,puppet,hostname,device,band_125_db,band_250_db,band_500_db,band_750_db,band_1000_db,band_1500_db,band_2000_db,band_4000_db,band_8000_db,broadband_db,n_frames,duration_s
quiet,,P1,Puppet-1,"plughw:1,0",-60.91,-72.36,-77.83,-81.03,-83.51,-84.75,-87.73,-89.39,-88.79,-52.85,259,6.0
quiet,,P2,Puppet-2,"plughw:1,0",-60.24,-73.21,-78.21,-81.33,-83.85,-84.82,-87.75,-89.53,-90.56,-53.0,258,6.0
quiet,,P3,Puppet-3,"plughw:1,0",-60.35,-73.87,-79.14,-82.09,-84.39,-85.2,-88.49,-89.41,-90.28,-53.07,259,6.0
quiet,,P4,Puppet-4,"plughw:1,0",-58.06,-71.39,-77.3,-80.37,-82.99,-83.66,-86.9,-89.48,-86.61,-50.44,259,6.0
hvac,,P1,Puppet-1,"plughw:1,0",-52.6,-64.2,-68.21,-68.47,-72.75,-72.17,-80.66,-86.1,-87.75,-46.23,259,6.0
hvac,,P2,Puppet-2,"plughw:1,0",-41.04,-54.57,-61.89,-64.16,-69.84,-69.25,-79.78,-85.78,-90.12,-35.37,259,6.0
hvac,,P3,Puppet-3,"plughw:1,0",-32.91,-47.61,-58.08,-63.96,-69.05,-68.34,-80.92,-86.87,-89.6,-26.35,258,6.0
hvac,,P4,Puppet-4,"plughw:1,0",-34.1,-53.78,-61.23,-63.23,-67.44,-65.21,-76.57,-85.43,-86.4,-27.65,259,6.0
music,,P1,Puppet-1,"plughw:1,0",-47.5,-52.51,-59.72,-62.32,-67.66,-62.01,-61.28,-64.79,-80.64,-40.19,259,6.0
music,,P2,Puppet-2,"plughw:1,0",-39.75,-49.77,-56.6,-59.79,-65.86,-61.16,-60.2,-63.77,-80.4,-33.85,259,6.0
music,,P3,Puppet-3,"plughw:1,0",-31.25,-45.22,-55.12,-59.44,-64.45,-62.6,-61.42,-64.48,-78.72,-25.0,259,6.0
music,,P4,Puppet-4,"plughw:1,0",-34.19,-49.11,-56.51,-58.41,-62.12,-58.95,-59.18,-63.72,-81.34,-27.17,259,6.0
tone,125,P1,Puppet-1,"plughw:1,0",-21.85,-60.23,-69.26,-68.91,-72.69,-71.72,-80.37,-83.92,-87.4,-21.33,259,6.0
tone,125,P2,Puppet-2,"plughw:1,0",-20.76,-54.14,-62.46,-64.32,-69.94,-68.98,-79.44,-83.32,-89.72,-20.13,259,6.0
tone,125,P3,Puppet-3,"plughw:1,0",-20.93,-46.92,-58.58,-64.02,-68.91,-68.55,-80.68,-84.05,-89.25,-19.42,259,6.0
tone,125,P4,Puppet-4,"plughw:1,0",-20.21,-52.89,-61.79,-63.59,-67.67,-65.74,-76.67,-83.19,-86.24,-19.06,259,6.0
tone,250,P1,Puppet-1,"plughw:1,0",-49.96,-26.36,-67.86,-67.39,-73.19,-72.19,-80.92,-86.14,-87.66,-23.34,259,6.0
tone,250,P2,Puppet-2,"plughw:1,0",-40.4,-25.32,-61.21,-63.54,-70.23,-69.24,-80.11,-85.8,-90.21,-22.08,258,6.0
tone,250,P3,Puppet-3,"plughw:1,0",-32.27,-25.81,-58.3,-63.53,-69.38,-68.63,-81.32,-86.97,-89.66,-20.85,258,6.0
tone,250,P4,Puppet-4,"plughw:1,0",-33.54,-24.77,-61.29,-62.57,-67.68,-65.8,-76.99,-85.59,-86.84,-20.72,259,6.0
tone,500,P1,Puppet-1,"plughw:1,0",-52.51,-61.88,-26.82,-65.82,-72.85,-70.55,-81.19,-86.29,-87.63,-20.63,259,6.0
tone,500,P2,Puppet-2,"plughw:1,0",-41.57,-54.07,-26.54,-62.97,-70.13,-68.66,-80.24,-85.84,-90.23,-20.23,258,6.0
tone,500,P3,Puppet-3,"plughw:1,0",-32.72,-47.56,-27.81,-62.96,-69.53,-68.43,-81.15,-87.5,-90.69,-20.14,259,6.0
tone,500,P4,Puppet-4,"plughw:1,0",-34.74,-53.19,-27.48,-62.49,-67.9,-65.41,-76.77,-85.61,-86.48,-20.37,259,6.0
tone,750,P1,Puppet-1,"plughw:1,0",-52.97,-64.07,-63.52,-24.17,-67.11,-70.6,-80.85,-86.38,-87.8,-18.0,259,6.0
tone,750,P2,Puppet-2,"plughw:1,0",-41.01,-54.32,-59.74,-23.85,-65.94,-67.97,-79.91,-85.83,-90.36,-17.6,259,6.0
tone,750,P3,Puppet-3,"plughw:1,0",-32.89,-47.5,-57.36,-25.02,-66.07,-67.64,-81.02,-87.1,-89.95,-18.09,259,6.0
tone,750,P4,Puppet-4,"plughw:1,0",-34.26,-53.96,-59.79,-24.51,-65.21,-65.12,-76.52,-85.77,-86.66,-17.83,259,6.0
tone,1000,P1,Puppet-1,"plughw:1,0",-52.5,-64.43,-69.16,-66.69,-34.28,-72.03,-78.97,-85.34,-87.59,-25.51,259,6.0
tone,1000,P2,Puppet-2,"plughw:1,0",-40.82,-54.48,-61.74,-62.45,-30.32,-68.79,-78.01,-85.26,-90.12,-21.39,258,6.0
tone,1000,P3,Puppet-3,"plughw:1,0",-31.75,-47.1,-58.52,-62.06,-29.38,-67.97,-79.88,-86.6,-90.2,-19.32,258,6.0
tone,1000,P4,Puppet-4,"plughw:1,0",-33.83,-53.76,-61.41,-60.59,-27.41,-65.24,-76.49,-85.19,-86.48,-18.1,259,6.0
tone,1500,P1,Puppet-1,"plughw:1,0",-52.23,-64.19,-69.09,-68.64,-73.57,-43.51,-80.69,-86.27,-87.83,-31.29,259,6.0
tone,1500,P2,Puppet-2,"plughw:1,0",-41.42,-54.18,-61.97,-64.08,-70.52,-46.54,-80.01,-85.13,-90.18,-31.93,259,6.0
tone,1500,P3,Puppet-3,"plughw:1,0",-31.91,-47.1,-58.22,-64.2,-69.73,-37.88,-80.79,-86.15,-89.89,-22.33,259,6.0
tone,1500,P4,Puppet-4,"plughw:1,0",-33.68,-53.58,-61.46,-63.48,-68.23,-32.64,-76.77,-84.35,-86.45,-19.7,259,6.0
tone,2000,P1,Puppet-1,"plughw:1,0",-52.82,-64.66,-69.06,-68.79,-72.87,-71.64,-41.18,-85.29,-87.38,-22.82,259,6.0
tone,2000,P2,Puppet-2,"plughw:1,0",-41.14,-54.47,-62.25,-63.87,-70.07,-67.97,-34.2,-84.9,-90.27,-15.78,259,6.0
tone,2000,P3,Puppet-3,"plughw:1,0",-32.15,-46.66,-57.72,-63.8,-69.49,-67.72,-36.46,-85.77,-89.27,-17.28,259,6.0
tone,2000,P4,Puppet-4,"plughw:1,0",-33.92,-53.41,-61.2,-63.23,-67.93,-65.48,-38.14,-85.3,-86.38,-19.05,259,6.0
tone,4000,P1,Puppet-1,"plughw:1,0",-53.37,-64.33,-68.97,-68.68,-73.24,-72.51,-80.86,-43.6,-88.05,-17.03,259,6.0
tone,4000,P2,Puppet-2,"plughw:1,0",-41.0,-54.74,-62.01,-64.23,-70.36,-69.29,-80.21,-64.08,-89.95,-33.31,258,6.0
tone,4000,P3,Puppet-3,"plughw:1,0",-32.01,-46.91,-58.13,-63.73,-69.37,-68.92,-81.38,-49.09,-88.13,-20.59,259,6.0
tone,4000,P4,Puppet-4,"plughw:1,0",-34.6,-53.56,-61.56,-63.23,-68.09,-66.18,-77.06,-59.08,-86.5,-26.49,258,6.0
tone,8000,P1,Puppet-1,"plughw:1,0",-52.48,-64.6,-68.93,-68.73,-73.59,-72.51,-81.15,-86.58,-64.17,-31.74,259,6.0
tone,8000,P2,Puppet-2,"plughw:1,0",-40.49,-54.11,-61.51,-64.2,-70.51,-69.65,-80.18,-86.06,-66.38,-31.91,258,6.0
tone,8000,P3,Puppet-3,"plughw:1,0",-32.06,-47.43,-58.4,-64.12,-69.6,-69.42,-81.12,-87.38,-59.66,-23.22,259,6.0
tone,8000,P4,Puppet-4,"plughw:1,0",-33.58,-53.63,-61.55,-63.37,-68.09,-66.47,-77.13,-85.66,-71.54,-26.99,258,6.0
music_max,,P1,Puppet-1,"plughw:1,0",-14.35,-18.66,-26.3,-28.99,-33.75,-26.92,-25.78,-27.17,-44.76,-6.3,259,6.0
music_max,,P2,Puppet-2,"plughw:1,0",-13.32,-18.08,-25.58,-27.74,-32.12,-27.58,-25.5,-26.06,-42.68,-5.54,258,6.0
music_max,,P3,Puppet-3,"plughw:1,0",-13.38,-18.3,-25.72,-27.81,-30.94,-28.93,-26.06,-26.56,-42.12,-5.93,258,6.0
music_max,,P4,Puppet-4,"plughw:1,0",-12.93,-17.51,-24.95,-26.38,-28.29,-25.61,-24.44,-26.9,-44.44,-5.31,259,6.0
speech,,P1,Puppet-1,"plughw:1,0",-49.68,-50.37,-57.4,-66.0,-69.94,-65.09,-65.33,-73.91,-86.58,-39.92,259,6.0
speech,,P2,Puppet-2,"plughw:1,0",-40.8,-48.27,-55.03,-61.83,-67.26,-63.65,-64.44,-72.73,-88.4,-33.27,259,6.0
speech,,P3,Puppet-3,"plughw:1,0",-31.8,-43.87,-53.51,-61.07,-66.63,-64.2,-65.63,-73.84,-87.67,-24.9,259,6.0
speech,,P4,Puppet-4,"plughw:1,0",-33.83,-47.27,-54.2,-60.85,-65.33,-60.91,-63.15,-72.19,-85.54,-26.47,258,6.0
quiet,,P1,Puppet-1,"plughw:1,0",-58.08,-65.0,-66.85,-66.65,-69.48,-72.47,-63.42,-64.89,-85.48,-44.83,259,6.0
quiet,,P2,Puppet-2,"plughw:1,0",-56.37,-62.81,-65.49,-65.52,-70.17,-65.65,-61.59,-63.29,-83.77,-43.22,258,6.0
quiet,,P3,Puppet-3,"plughw:1,0",-57.6,-64.23,-66.92,-68.01,-72.79,-66.97,-64.07,-66.72,-83.35,-45.34,258,6.0
quiet,,P4,Puppet-4,"plughw:1,0",-56.18,-63.62,-66.58,-66.14,-69.63,-72.31,-61.16,-66.48,-85.22,-43.6,258,6.0
hvac,,P1,Puppet-1,"plughw:1,0",-56.83,-64.26,-66.76,-65.88,-69.37,-72.34,-63.27,-64.8,-85.97,-44.14,259,6.0
hvac,,P2,Puppet-2,"plughw:1,0",-54.4,-62.27,-65.22,-65.54,-70.3,-65.87,-61.86,-63.41,-83.87,-42.93,258,6.0
hvac,,P3,Puppet-3,"plughw:1,0",-55.9,-63.46,-66.84,-67.39,-72.47,-67.27,-64.19,-66.92,-83.23,-44.43,259,6.0
hvac,,P4,Puppet-4,"plughw:1,0",-55.11,-62.75,-66.29,-65.45,-69.58,-72.11,-61.0,-66.62,-85.21,-43.52,259,6.0
music,,P1,Puppet-1,"plughw:1,0",-45.34,-58.21,-61.15,-64.31,-67.08,-70.31,-62.45,-64.41,-84.15,-39.8,259,6.0
music,,P2,Puppet-2,"plughw:1,0",-43.7,-57.34,-59.69,-63.25,-68.21,-64.71,-60.95,-62.89,-82.86,-38.43,259,6.0
music,,P3,Puppet-3,"plughw:1,0",-44.3,-57.72,-60.23,-64.73,-69.83,-65.81,-63.11,-66.11,-81.34,-39.23,259,6.0
music,,P4,Puppet-4,"plughw:1,0",-43.57,-56.16,-59.71,-63.4,-67.26,-69.93,-60.57,-65.81,-84.29,-38.56,259,6.0
music_max,,P1,Puppet-1,"plughw:1,0",-8.2,-21.72,-25.8,-31.69,-36.76,-38.11,-36.02,-40.27,-54.3,-5.18,259,6.0
music_max,,P2,Puppet-2,"plughw:1,0",-7.54,-20.33,-25.05,-30.64,-36.32,-37.52,-35.37,-38.73,-52.81,-4.47,259,6.0
music_max,,P3,Puppet-3,"plughw:1,0",-7.68,-20.76,-25.21,-31.07,-36.98,-37.96,-35.7,-39.74,-51.36,-4.6,259,6.0
music_max,,P4,Puppet-4,"plughw:1,0",-7.16,-19.8,-24.16,-29.7,-35.52,-36.48,-35.58,-38.98,-54.74,-4.38,259,6.0
speech,,P1,Puppet-1,"plughw:1,0",-49.64,-49.48,-49.68,-60.74,-62.9,-65.5,-60.3,-63.69,-84.65,-37.56,259,6.0
speech,,P2,Puppet-2,"plughw:1,0",-48.21,-48.34,-49.6,-60.61,-63.94,-62.9,-59.39,-62.2,-83.11,-36.83,259,6.0
speech,,P3,Puppet-3,"plughw:1,0",-48.86,-48.38,-50.31,-61.49,-65.14,-63.54,-60.98,-65.53,-82.16,-37.38,258,6.0
speech,,P4,Puppet-4,"plughw:1,0",-47.83,-47.56,-48.91,-59.44,-62.15,-64.2,-59.02,-64.86,-84.5,-36.2,259,6.0
tone,125,P1,Puppet-1,"plughw:1,0",-13.29,-54.59,-65.07,-66.22,-68.76,-72.38,-62.94,-64.6,-85.25,-12.76,259,6.0
tone,125,P2,Puppet-2,"plughw:1,0",-12.11,-53.49,-63.88,-65.53,-69.84,-65.6,-61.53,-62.97,-83.68,-11.58,259,6.0
tone,125,P3,Puppet-3,"plughw:1,0",-12.49,-53.94,-64.82,-67.44,-72.06,-67.01,-63.75,-66.59,-82.98,-11.95,259,6.0
tone,125,P4,Puppet-4,"plughw:1,0",-11.65,-53.15,-64.31,-65.95,-68.53,-71.94,-60.6,-66.14,-85.09,-11.13,259,6.0
tone,250,P1,Puppet-1,"plughw:1,0",-54.45,-32.63,-66.39,-65.95,-69.2,-72.49,-63.11,-64.62,-85.41,-29.5,259,6.0
tone,250,P2,Puppet-2,"plughw:1,0",-53.35,-31.85,-65.1,-65.56,-70.48,-66.0,-61.49,-63.21,-83.73,-28.7,259,6.0
tone,250,P3,Puppet-3,"plughw:1,0",-53.41,-32.23,-66.46,-67.24,-72.74,-67.17,-63.84,-66.51,-83.14,-29.11,259,6.0
tone,250,P4,Puppet-4,"plughw:1,0",-52.57,-31.44,-66.37,-65.99,-69.45,-72.36,-60.87,-66.34,-85.22,-28.28,259,6.0
tone,500,P1,Puppet-1,"plughw:1,0",-57.57,-65.48,-40.51,-66.5,-69.32,-70.92,-62.84,-64.58,-85.21,-33.95,259,6.0
tone,500,P2,Puppet-2,"plughw:1,0",-55.05,-63.42,-38.6,-65.32,-69.82,-65.43,-61.35,-63.02,-83.87,-32.13,259,6.0
tone,500,P3,Puppet-3,"plughw:1,0",-56.59,-64.58,-38.17,-67.35,-71.76,-66.71,-63.52,-66.49,-82.87,-31.81,259,6.0
tone,500,P4,Puppet-4,"plughw:1,0",-54.74,-63.96,-36.46,-65.35,-68.96,-71.24,-60.57,-66.09,-85.32,-30.1,259,6.0
tone,750,P1,Puppet-1,"plughw:1,0",-55.26,-64.92,-65.59,-32.05,-67.79,-72.17,-63.19,-64.5,-85.09,-25.82,259,6.0
tone,750,P2,Puppet-2,"plughw:1,0",-53.08,-63.07,-63.85,-29.87,-68.43,-65.69,-61.55,-62.98,-83.66,-23.65,259,6.0
tone,750,P3,Puppet-3,"plughw:1,0",-54.13,-64.54,-64.65,-29.17,-69.78,-66.72,-63.64,-66.38,-82.87,-22.97,258,6.0
tone,750,P4,Puppet-4,"plughw:1,0",-52.51,-63.82,-64.03,-27.32,-66.91,-71.71,-60.76,-66.08,-85.39,-21.11,259,6.0
tone,1000,P1,Puppet-1,"plughw:1,0",-57.87,-64.8,-67.01,-65.9,-38.13,-72.0,-62.9,-64.48,-84.9,-29.28,259,6.0
tone,1000,P2,Puppet-2,"plughw:1,0",-56.13,-63.24,-65.52,-65.25,-38.48,-65.65,-61.39,-62.87,-83.61,-29.6,259,6.0
tone,1000,P3,Puppet-3,"plughw:1,0",-57.3,-64.78,-66.64,-67.48,-41.69,-67.16,-63.59,-66.39,-82.95,-32.74,258,6.0
tone,1000,P4,Puppet-4,"plughw:1,0",-55.42,-63.74,-66.87,-65.97,-43.63,-72.14,-60.64,-65.98,-85.11,-34.44,259,6.0
tone,1500,P1,Puppet-1,"plughw:1,0",-57.48,-65.0,-66.82,-66.37,-68.78,-35.76,-62.69,-64.35,-85.13,-23.55,258,6.0
tone,1500,P2,Puppet-2,"plughw:1,0",-55.29,-63.18,-65.25,-65.37,-69.96,-36.02,-61.35,-63.01,-83.63,-23.89,259,6.0
tone,1500,P3,Puppet-3,"plughw:1,0",-57.04,-64.91,-66.74,-67.56,-72.35,-38.47,-63.67,-66.43,-82.66,-26.39,259,6.0
tone,1500,P4,Puppet-4,"plughw:1,0",-55.37,-64.01,-66.87,-66.27,-69.14,-39.13,-60.62,-66.03,-85.16,-26.91,259,6.0
tone,2000,P1,Puppet-1,"plughw:1,0",-58.22,-65.38,-67.11,-66.14,-69.35,-72.3,-46.8,-64.36,-85.27,-29.51,259,6.0
tone,2000,P2,Puppet-2,"plughw:1,0",-55.82,-63.03,-65.41,-65.28,-70.3,-65.67,-44.58,-62.99,-83.71,-27.16,259,6.0
tone,2000,P3,Puppet-3,"plughw:1,0",-57.46,-64.85,-66.83,-67.46,-72.7,-67.09,-45.55,-66.24,-82.73,-28.01,259,6.0
tone,2000,P4,Puppet-4,"plughw:1,0",-55.21,-64.25,-66.52,-65.74,-69.05,-72.04,-44.49,-66.01,-85.17,-27.25,259,6.0
tone,4000,P1,Puppet-1,"plughw:1,0",-56.39,-64.88,-66.66,-66.5,-69.07,-71.84,-62.98,-53.4,-84.97,-29.0,259,6.0
tone,4000,P2,Puppet-2,"plughw:1,0",-54.88,-63.4,-65.49,-65.41,-70.18,-65.25,-61.02,-53.18,-83.63,-29.15,258,6.0
tone,4000,P3,Puppet-3,"plughw:1,0",-56.12,-64.52,-66.53,-67.58,-72.52,-66.73,-63.22,-46.49,-82.55,-20.55,259,6.0
tone,4000,P4,Puppet-4,"plughw:1,0",-54.06,-63.71,-66.58,-65.93,-69.19,-72.03,-60.3,-49.23,-85.29,-23.63,259,6.0
tone,8000,P1,Puppet-1,"plughw:1,0",-57.94,-65.05,-66.66,-66.26,-68.7,-72.4,-63.02,-64.49,-65.85,-33.28,259,6.0
tone,8000,P2,Puppet-2,"plughw:1,0",-55.6,-63.15,-65.38,-65.55,-70.23,-65.44,-61.26,-62.89,-71.2,-38.35,259,6.0
tone,8000,P3,Puppet-3,"plughw:1,0",-57.07,-64.7,-66.72,-67.49,-72.33,-66.69,-63.19,-66.05,-74.21,-41.76,259,6.0
tone,8000,P4,Puppet-4,"plughw:1,0",-54.48,-63.33,-66.57,-65.87,-69.36,-72.15,-60.52,-66.32,-73.54,-40.14,258,6.0
